Feature,Importance
DaysInAdvance,0.3156308167654709
Age,0.2758777743720143
AppointmentWeekday,0.14991517594359746
Handicap,0.08728629300200913
Hypertension,0.03963285089062264
TotalConditions,0.03502554265208889
SMS_received,0.0331186778329769
Gender_Encoded,0.027517413440560357
Diabetes,0.018653267099571803
Scholarship,0.017342188001087715
Alcoholism,0.0
